,urls,label
0,https://star.net/VIOaCS,1
1,https://blow.pw/CzOJA,1
2,https://c11.kr/nFKRj,1
3,https://mlnl.me/VzyEqU,1
4,https://hana.icu/uoYqQZ,1
5,https://na.to/bkfej,1
6,https://hana.icu/vMhXw,1
7,https://nic.do/ZQJku,1
8,https://me2.kr/fzEKZ,1
9,https://asq.kr/LMFzGp,1
10,https://url.kr/dRHYwo,1
11,https://t2m.kr/tALyWH,1
12,https://c11.kr/fqlrY,1
13,https://hana.icu/FgXhN,1
14,https://di.do/LFUAx,1
15,https://abit.ly/okBca,1
16,https://ouo.io/bwNfJA,1
17,https://lrl.kr/ZaJBnA,1
18,https://na.to/PulFTN,1
19,https://star.net/CFBIUG,1
20,https://safeds.tk/FcfwXG,1
21,https://asq.kr/ojUDp,1
22,https://3.ly/YyvGBc,1
23,https://twr.kr/QwiGo,1
24,https://wiv.kr/Qqxwo,1
25,https://reurl.kr/UKxmZ,1
26,https://c11.kr/jsRBO,1
27,https://fw.sg/OqgSUa,1
28,https://gg.gg/TrHGh,1
29,https://ouo.io/kubUmg,1
30,https://star.net/rMzPe,1
31,https://reurl.kr/SDOMH,1
32,https://twr.kr/DleOM,1
33,https://flic.kr/oscqW,1
34,https://adf.ly/gqpjiW,1
35,https://is.gd/LjpiN,1
36,https://reurl.kr/jsGOQ,1
37,https://fw.sg/sMrGn,1
38,https://wo.to/xdEJZ,1
39,https://bit.do/hujdz,1
40,https://me2.kr/CKPOF,1
41,https://reurl.kr/vctmZ,1
42,https://abit.ly/SdflEO,1
43,https://reurl.kr/slCVO,1
44,https://adfoc.us/yBIwY,1
45,https://vvd.bz/qTflac,1
46,https://muz.so/vywoXM,1
47,https://t.ly/DzPbc,1
48,https://koe.kr/EOtniJ,1
49,https://t.co/rsJIh,1
50,https://t.ly/mXWHnh,1
51,https://3.ly/afuVOd,1
52,https://wiv.kr/lhsEt,1
53,https://gourl.kr/itQvFU,1
54,https://me2.kr/dunmN,1
55,https://flic.kr/LCkqlB,1
56,https://adf.ly/LqVwZ,1
57,https://Bit.ly/vuzKTG,1
58,https://rb.gy/jBSUO,1
59,https://rb.gy/cfZJYG,1
60,https://di.do/uoERvl,1
61,https://tinyurl.com/NTOme,1
62,https://gg.gg/cLzIfW,1
63,https://me2.kr/JKWkY,1
64,https://t.co/aKNZfy,1
65,https://3.ly/qfXjT,1
66,https://vo.la/eYCcsU,1
67,https://han.gl/RibJjh,1
68,https://c11.kr/MCXzwH,1
69,https://lrl.kr/RZAvU,1
70,https://han.gl/VnOMT,1
71,https://vo.la/pNJOe,1
72,https://nic.do/rlpUBn,1
73,https://bit.do/LEzeD,1
74,https://twr.kr/ZByjv,1
75,https://url.kr/NheYk,1
76,https://is.gd/ObfyWP,1
77,https://t2m.kr/awDXC,1
78,https://na.to/jWDFP,1
79,https://blow.pw/kmzqT,1
80,https://t.co/QyCfv,1
81,https://abit.ly/qLged,1
82,https://t.co/VuRoJO,1
83,https://is.gd/wgROjZ,1
84,https://adfoc.us/oRZJa,1
85,https://3.ly/uqQUoe,1
86,https://adf.ly/xFpcgA,1
87,https://fw.sg/QxBtd,1
88,https://t.co/qLTHh,1
89,https://wiv.kr/rRLIXZ,1
90,https://c11.kr/vKQcU,1
91,https://url.kr/NUHfG,1
92,https://na.to/ayVhQm,1
93,https://flic.kr/ZDFVdM,1
94,https://gg.gg/qAnEhY,1
95,https://ouo.io/tPIVur,1
96,https://t.ly/ZnXar,1
97,https://nic.do/iNJwVc,1
98,https://koe.kr/nXFed,1
99,https://lrl.kr/CrSjQ,1
100,https://t.ly/xhNJs,1
101,https://di.do/pGNvO,1
102,https://safeds.tk/ixCaAP,1
103,https://adf.ly/qaQDoP,1
104,https://url.sg/hgZln,1
105,https://wiv.kr/eWuUY,1
106,https://tinyurl.com/amEIcg,1
107,https://t.ly/faVWSL,1
108,https://adf.ly/yNfEU,1
109,https://asq.kr/umfet,1
110,https://lrl.kr/OZxNvX,1
111,https://tinyurl.com/ynOcdz,1
112,https://abit.ly/lbJRu,1
113,https://vot.kr/wqxRIk,1
114,https://fw.sg/aKEQk,1
115,https://mlnl.me/pumle,1
116,https://c11.kr/wbEieD,1
117,https://safeds.tk/MwrSO,1
118,https://na.to/kvKsR,1
119,https://na.to/TiWhf,1
120,https://adf.ly/mfgit,1
121,https://bit.do/qApby,1
122,https://asq.kr/onRCvw,1
123,https://twr.kr/Kmzjp,1
124,https://3.ly/cprSmU,1
125,https://muz.so/jzfvL,1
126,https://vo.la/ARJIm,1
127,https://hana.icu/bRMHh,1
128,https://vot.kr/gpQMsF,1
129,https://t.ly/CUjAx,1
130,https://url.kr/mWegp,1
131,https://nic.do/aBCvS,1
132,https://koe.kr/TOSGo,1
133,https://koe.kr/OTxuf,1
134,https://reurl.kr/ktVInd,1
135,https://t.co/zYCehQ,1
136,https://ouo.io/pyTti,1
137,https://tinyurl.com/FjgcYX,1
138,https://wiv.kr/MGgXQU,1
139,https://mlnl.me/qeDln,1
140,https://zrr.kr/jPQGX,1
141,https://flic.kr/DQxMU,1
142,https://3.ly/BDgwk,1
143,https://gg.gg/sApVY,1
144,https://nic.do/ICFtYr,1
145,https://Bit.ly/gQYHKV,1
146,https://url.kr/SXneRo,1
147,https://asq.kr/MNIub,1
148,https://reurl.kr/tVbcU,1
149,https://adf.ly/shcmp,1
150,https://ouo.io/tcKSTO,1
151,https://blow.pw/InRHvN,1
152,https://Bit.ly/xiPFVE,1
153,https://han.gl/xUkva,1
154,https://url.sg/tKBWq,1
155,https://t.ly/QXtRNr,1
156,https://fw.sg/aYJRNB,1
157,https://safeds.tk/nWmjoT,1
158,https://hana.icu/EVTnG,1
159,https://vot.kr/eyJbm,1
160,https://na.to/HnGxw,1
161,https://gourl.kr/gaGsw,1
162,https://adfoc.us/ulAsOk,1
163,https://hana.icu/vPIBo,1
164,https://fw.sg/LztVr,1
165,https://abit.ly/lTksHx,1
166,https://wo.to/IbOyFY,1
167,https://t.co/oMrwP,1
168,https://gg.gg/JpRdF,1
169,https://reurl.kr/avDbQ,1
170,https://c11.kr/kPuzrD,1
171,https://zrr.kr/uejsGP,1
172,https://star.net/TpkNjK,1
173,https://blow.pw/YpkaI,1
174,https://asq.kr/HPVdZ,1
175,https://koe.kr/ZBPUEN,1
176,https://koe.kr/DyEUi,1
177,https://lrl.kr/NuGDdW,1
178,https://hana.icu/mzQjGT,1
179,https://han.gl/laNovt,1
180,https://mlnl.me/JKSWu,1
181,https://is.gd/hECfpO,1
182,https://blow.pw/lAtPN,1
183,https://asq.kr/WYGIwi,1
184,https://han.gl/ADCUZ,1
185,https://fw.sg/LHETM,1
186,https://t2m.kr/khnTsp,1
187,https://gg.gg/SbHFXh,1
188,https://3.ly/JcQoFU,1
189,https://mlnl.me/LoAGjm,1
190,https://c11.kr/nWyibl,1
191,https://hana.icu/AOfjZU,1
192,https://bit.do/fZIBnp,1
193,https://t.ly/xJQmO,1
194,https://vvd.bz/HPXoZ,1
195,https://asq.kr/IAfaoX,1
196,https://di.do/RaZVvo,1
197,https://han.gl/OkplY,1
198,https://koe.kr/QEykD,1
199,https://url.sg/qYFgrh,1
200,https://adf.ly/sZTRY,1
201,https://na.to/yYGxCv,1
202,https://lrl.kr/ZNoRh,1
203,https://na.to/rAUEZ,1
204,https://han.gl/nFSmEy,1
205,https://abit.ly/CprOci,1
206,https://url.sg/rXMeoz,1
207,https://is.gd/jUIbN,1
208,https://fw.sg/dNHmfx,1
209,https://vo.la/RVXzwo,1
210,https://muz.so/PHTlNv,1
211,https://twr.kr/RCsYeu,1
212,https://t2m.kr/reKAPp,1
213,https://vvd.bz/KSPqmT,1
214,https://flic.kr/DgyfPU,1
215,https://is.gd/KdYRoZ,1
216,https://is.gd/HwzcJV,1
217,https://na.to/RhdkP,1
218,https://adfoc.us/GSWgXQ,1
219,https://Bit.ly/EDOwVs,1
220,https://reurl.kr/ngRSsG,1
221,https://star.net/fclUw,1
222,https://star.net/CSmkNn,1
223,https://muz.so/DjuGVm,1
224,https://gg.gg/DiSXpZ,1
225,https://adfoc.us/GUjyRs,1
226,https://asq.kr/msDXC,1
227,https://mlnl.me/ntBTz,1
228,https://is.gd/LiTCsI,1
229,https://t.co/vsxLgI,1
230,https://url.kr/yeMpoW,1
231,https://zrr.kr/ERGlt,1
232,https://di.do/HvBhjU,1
233,https://blow.pw/djRfUu,1
234,https://3.ly/uMnYr,1
235,https://han.gl/OICbde,1
236,https://han.gl/pxcsVq,1
237,https://t.co/HthFAa,1
238,https://fw.sg/RrMlL,1
239,https://bit.do/XMaeA,1
240,https://vot.kr/bGHhi,1
241,https://nic.do/JGeCZO,1
242,https://flic.kr/tgXur,1
243,https://t.co/pmxLM,1
244,https://zrr.kr/epUlX,1
245,https://rb.gy/lsHWxk,1
246,https://wiv.kr/jJoeb,1
247,https://t.ly/xAdBV,1
248,https://is.gd/YmATq,1
249,https://star.net/Hhobq,1
250,https://asq.kr/ZSQyc,1
251,https://c11.kr/TMNtuP,1
252,https://lrl.kr/YmIAV,1
253,https://han.gl/FkUKzC,1
254,https://tinyurl.com/kQVyKi,1
255,https://url.kr/XvOAwy,1
256,https://vvd.bz/HqEQtj,1
257,https://vot.kr/wURse,1
258,https://blow.pw/ujmZdp,1
259,https://vot.kr/Yhenp,1
260,https://rb.gy/kmaPq,1
261,https://vot.kr/qbZLKS,1
262,https://gourl.kr/JuhbFW,1
263,https://url.sg/FPXtnu,1
264,https://c11.kr/OeCylZ,1
265,https://abit.ly/QkEptw,1
266,https://blow.pw/rOoRCV,1
267,https://me2.kr/JOgzFS,1
268,https://flic.kr/vWUhg,1
269,https://3.ly/GMsHQw,1
270,https://t.co/lmTnay,1
271,https://safeds.tk/mukGqB,1
272,https://reurl.kr/sCUTO,1
273,https://lrl.kr/bGXTP,1
274,https://t2m.kr/pTJxf,1
275,https://vvd.bz/zPyXs,1
276,https://lrl.kr/MmJfy,1
277,https://vvd.bz/daEJT,1
278,https://nic.do/NrkTw,1
279,https://asq.kr/HXMyOm,1
280,https://gg.gg/OsxHG,1
281,https://adfoc.us/uEgJO,1
282,https://gourl.kr/JNgae,1
283,https://flic.kr/CxSura,1
284,https://url.sg/badxCf,1
285,https://zrr.kr/SBqAa,1
286,https://bit.do/xuVnZg,1
287,https://zrr.kr/DWXJu,1
288,https://rb.gy/XNiEA,1
289,https://safeds.tk/LjdrkP,1
290,https://ouo.io/ruejyI,1
291,https://rb.gy/IOnbd,1
292,https://rb.gy/lRdoVB,1
293,https://reurl.kr/JWAQj,1
294,https://3.ly/hsuit,1
295,https://adf.ly/qeiXG,1
296,https://is.gd/EBVkhH,1
297,https://nic.do/zFTvxM,1
298,https://me2.kr/IyxMqF,1
299,https://adf.ly/vQGfYS,1
300,https://flic.kr/VXsWE,1
301,https://twr.kr/goTEzD,1
302,https://adf.ly/jrAKW,1
303,https://muz.so/bxhnE,1
304,https://muz.so/BgQXp,1
305,https://t2m.kr/jwJGoO,1
306,https://asq.kr/PGisfO,1
307,https://wo.to/wgOGD,1
308,https://zrr.kr/OYnBe,1
309,https://rb.gy/AbmGn,1
310,https://vot.kr/FlJGf,1
311,https://gg.gg/fshQx,1
312,https://is.gd/yHvUlt,1
313,https://wo.to/aDbvBM,1
314,https://url.sg/LMImXH,1
315,https://twr.kr/utodsD,1
316,https://zrr.kr/mSHyh,1
317,https://wiv.kr/dYoTfJ,1
318,https://han.gl/TobWre,1
319,https://gg.gg/OayRBT,1
320,https://rb.gy/kobqs,1
321,https://fw.sg/ysTXZj,1
322,https://bit.do/KFILt,1
323,https://vo.la/oYvbM,1
324,https://asq.kr/KFmGc,1
325,https://mlnl.me/Trknlb,1
326,https://nic.do/aDsKZ,1
327,https://mlnl.me/vndqP,1
328,https://hana.icu/QNmRP,1
329,https://twr.kr/RwMic,1
330,https://vot.kr/MsJFuq,1
331,https://ouo.io/YXFlq,1
332,https://fw.sg/cSpxY,1
333,https://safeds.tk/IyWgr,1
334,https://rb.gy/OylcJ,1
335,https://t2m.kr/Esopxe,1
336,https://rb.gy/ZICMnK,1
337,https://bit.do/FIpBS,1
338,https://abit.ly/qmMRaz,1
339,https://blow.pw/UGBarQ,1
340,https://wiv.kr/XknrgR,1
341,https://star.net/hAHMtF,1
342,https://Bit.ly/GSfWlI,1
343,https://mlnl.me/EzYxpe,1
344,https://asq.kr/eRUfOT,1
345,https://mlnl.me/NwxgFV,1
346,https://flic.kr/DiLQG,1
347,https://na.to/izhLO,1
348,https://is.gd/XgHDYQ,1
349,https://zrr.kr/niMTXm,1
350,https://vvd.bz/tZKcp,1
351,https://twr.kr/AHyNj,1
352,https://bit.do/YDson,1
353,https://fw.sg/BvIqS,1
354,https://star.net/mNQKs,1
355,https://muz.so/asLBJ,1
356,https://blow.pw/xoCZKw,1
357,https://3.ly/JtDLRE,1
358,https://gg.gg/WlFJc,1
359,https://safeds.tk/DBGJk,1
360,https://blow.pw/tWhVa,1
361,https://vvd.bz/mRsQZ,1
362,https://abit.ly/GBtkp,1
363,https://t.co/woZFg,1
364,https://t2m.kr/kDTMnx,1
365,https://t2m.kr/ZLjEU,1
366,https://t2m.kr/tIsmiT,1
367,https://vo.la/XSIYFN,1
368,https://url.kr/cnVPs,1
369,https://bit.do/ufNxpY,1
370,https://blow.pw/sdRSlK,1
371,https://gourl.kr/sfECZ,1
372,https://vo.la/VYdiF,1
373,https://gg.gg/avBGZ,1
374,https://t2m.kr/YPpJMl,1
375,https://gg.gg/DwKFn,1
376,https://di.do/KUJuy,1
377,https://mlnl.me/SYasT,1
378,https://tinyurl.com/GmOunB,1
379,https://url.sg/eJPnQ,1
380,https://c11.kr/NaCdy,1
381,https://is.gd/peZSY,1
382,https://lrl.kr/kPvKE,1
383,https://safeds.tk/VajML,1
384,https://di.do/ifIAJs,1
385,https://hana.icu/WblIC,1
386,https://tinyurl.com/QXMASH,1
387,https://mlnl.me/ACfiL,1
388,https://url.kr/NkcFxy,1
389,https://Bit.ly/jHfIu,1
390,https://flic.kr/GMfRSZ,1
391,https://flic.kr/vUeah,1
392,https://me2.kr/SuEOJA,1
393,https://asq.kr/SulOI,1
394,https://gourl.kr/jbLfA,1
395,https://url.kr/lhCwMG,1
396,https://di.do/DcnFi,1
397,https://fw.sg/DQWBwg,1
398,https://blow.pw/CIfiqx,1
399,https://zrr.kr/jPEDb,1
400,https://abit.ly/TtYVZP,1
401,https://t.co/xHgXeo,1
402,https://han.gl/dzHrkl,1
403,https://t2m.kr/wHFkVY,1
404,https://nic.do/EseDWg,1
405,https://t.ly/CIfzK,1
406,https://c11.kr/xbYtS,1
407,https://lrl.kr/EGKvTk,1
408,https://muz.so/FUoeL,1
409,https://t2m.kr/zDlUB,1
410,https://nic.do/hnIlgB,1
411,https://vot.kr/nkyGPO,1
412,https://nic.do/XuCVB,1
413,https://abit.ly/QXAKly,1
414,https://vo.la/SIrDU,1
415,https://ouo.io/LVSClk,1
416,https://adfoc.us/CrwIdH,1
417,https://tinyurl.com/niDZSo,1
418,https://adf.ly/DMbrPS,1
419,https://gourl.kr/NnRXlw,1
420,https://blow.pw/ZPLHrU,1
421,https://zrr.kr/EKAfVv,1
422,https://wo.to/PiqmG,1
423,https://gourl.kr/lRoiC,1
424,https://reurl.kr/KqFzlp,1
425,https://fw.sg/THBYa,1
426,https://hana.icu/MKDlEt,1
427,https://vo.la/eLwsM,1
428,https://bit.do/OKheMX,1
429,https://wiv.kr/ERPgqA,1
430,https://t.co/RGgHz,1
431,https://abit.ly/tYilMn,1
432,https://muz.so/syPOzt,1
433,https://url.kr/BasWAf,1
434,https://tinyurl.com/OGoVi,1
435,https://star.net/ZtDlyn,1
436,https://Bit.ly/HLfuA,1
437,https://koe.kr/grmbJy,1
438,https://is.gd/FcVWX,1
439,https://url.kr/MFWEU,1
440,https://me2.kr/JAMufN,1
441,https://safeds.tk/fpZREX,1
442,https://me2.kr/vPgyxD,1
443,https://vvd.bz/NdbpJ,1
444,https://asq.kr/ZXhHd,1
445,https://koe.kr/QplDj,1
446,https://fw.sg/mwYRTy,1
447,https://adfoc.us/NfJzg,1
448,https://3.ly/zqkFZD,1
449,https://flic.kr/yYjMhD,1
450,https://koe.kr/PrlgKx,1
451,https://wo.to/rULEyx,1
452,https://adfoc.us/UaCXEP,1
453,https://vo.la/wcfPMq,1
454,https://c11.kr/BWlnHm,1
455,https://ouo.io/ftLeaq,1
456,https://rb.gy/eEcQm,1
457,https://url.kr/ZodpQ,1
458,https://asq.kr/fZGVUd,1
459,https://na.to/MDSIpt,1
460,https://t.co/BCOZy,1
461,https://di.do/AZurx,1
462,https://koe.kr/kqXhJ,1
463,https://muz.so/kSzqhy,1
464,https://wo.to/jGuHFk,1
465,https://koe.kr/jeRfIs,1
466,https://ouo.io/iHtCDT,1
467,https://blow.pw/AYOfaS,1
468,https://di.do/KVyer,1
469,https://vo.la/wvVFZu,1
470,https://tinyurl.com/dBnopv,1
471,https://twr.kr/AtVGkM,1
472,https://muz.so/OmMpG,1
473,https://url.sg/phzrs,1
474,https://tinyurl.com/EKIsM,1
475,https://star.net/FIphf,1
476,https://adfoc.us/wYuABr,1
477,https://vo.la/qOhej,1
478,https://vot.kr/PolwY,1
479,https://safeds.tk/rTvsG,1
480,https://c11.kr/RXEctk,1
481,https://na.to/vsOmd,1
482,https://me2.kr/Cqsuc,1
483,https://is.gd/evnQyD,1
484,https://zrr.kr/WkcHP,1
485,https://vot.kr/nzmxGB,1
486,https://wiv.kr/vCPKn,1
487,https://tinyurl.com/gFTVO,1
488,https://abit.ly/OMAFhl,1
489,https://adfoc.us/obXyh,1
490,https://is.gd/dsOLnh,1
491,https://koe.kr/msEOu,1
492,https://wo.to/kUFYiK,1
493,https://mlnl.me/nlwDKf,1
494,https://url.kr/WBRAjp,1
495,https://Bit.ly/Didbnv,1
496,https://url.kr/LySGNH,1
497,https://Bit.ly/SYJjWv,1
498,https://vot.kr/HRofXG,1
499,https://han.gl/zdclX,1
500,https://muz.so/CZuVy,1
501,https://lrl.kr/YFgmJ,1
502,https://vot.kr/EJMLaN,1
503,https://wo.to/mpTFdR,1
504,https://Bit.ly/vcadt,1
505,https://star.net/dchpxu,1
506,https://mlnl.me/cCwpB,1
507,https://Bit.ly/FOPsmh,1
508,https://wiv.kr/Hpedy,1
509,https://adfoc.us/LdFtZH,1
510,https://ouo.io/zeQOw,1
511,https://3.ly/nTCsR,1
512,https://rb.gy/vIlpaP,1
513,https://bit.do/gJUVW,1
514,https://wiv.kr/ToQSf,1
515,https://vot.kr/bHJZp,1
516,https://abit.ly/RtSsZq,1
517,https://gourl.kr/KBhzXt,1
518,https://twr.kr/OnSYA,1
519,https://gg.gg/zmysU,1
520,https://mlnl.me/ZyWgXY,1
521,https://muz.so/CRfpz,1
522,https://star.net/lRjsZy,1
523,https://3.ly/tczbg,1
524,https://vo.la/pjtuGF,1
525,https://zrr.kr/uMofFC,1
526,https://wiv.kr/pFVGAv,1
527,https://gourl.kr/lZnaPe,1
528,https://hana.icu/GQbMX,1
529,https://hana.icu/xWKoB,1
530,https://reurl.kr/NtamC,1
531,https://vvd.bz/FQhWz,1
532,https://reurl.kr/NEmCp,1
533,https://vo.la/qbeKkU,1
534,https://flic.kr/pPbGu,1
535,https://is.gd/qxpcB,1
536,https://adfoc.us/tCEBcj,1
537,https://url.sg/zcsXhO,1
538,https://muz.so/CrnDu,1
539,https://t.co/BqoyY,1
540,https://star.net/egrFdR,1
541,https://safeds.tk/UuDBv,1
542,https://wo.to/izmgR,1
543,https://t.ly/lvmndX,1
544,https://vot.kr/MjTBEQ,1
545,https://mlnl.me/sLdSrq,1
546,https://lrl.kr/sFKEf,1
547,https://na.to/MPTADw,1
548,https://adf.ly/rlGwq,1
549,https://gg.gg/XmFseT,1
550,https://safeds.tk/YzTZNx,1
551,https://zrr.kr/WavcD,1
552,https://gourl.kr/XFROok,1
553,https://na.to/hYSGCR,1
554,https://na.to/cmlZWB,1
555,https://url.sg/mhPdj,1
556,https://rb.gy/hdkewB,1
557,https://Bit.ly/dxaynH,1
558,https://di.do/xEyTkO,1
559,https://url.sg/gzIlaF,1
560,https://twr.kr/mQKNug,1
561,https://c11.kr/opWfrS,1
562,https://t.ly/qhlyw,1
563,https://gourl.kr/YLrjXU,1
564,https://star.net/HSFNVw,1
565,https://wo.to/sdGSHW,1
566,https://gg.gg/icBEF,1
567,https://gg.gg/EbgfwA,1
568,https://asq.kr/UTDSg,1
569,https://Bit.ly/QSKphy,1
570,https://tinyurl.com/xuYjE,1
571,https://me2.kr/eEGkRu,1
572,https://twr.kr/PdwnZQ,1
573,https://rb.gy/zoTeAi,1
574,https://safeds.tk/hmFGMx,1
575,https://gourl.kr/HvSrG,1
576,https://safeds.tk/DCyGNl,1
577,https://rb.gy/flyXo,1
578,https://reurl.kr/RmVlX,1
579,https://vot.kr/YUSlMc,1
580,https://t2m.kr/fDJTiq,1
581,https://twr.kr/LsYio,1
582,https://Bit.ly/kGBPd,1
583,https://url.kr/wKzXjx,1
584,https://hana.icu/TpIsZN,1
585,https://me2.kr/KafgvT,1
586,https://koe.kr/fYMUT,1
587,https://is.gd/qGDtsa,1
588,https://lrl.kr/IZhLPS,1
589,https://di.do/UrugI,1
590,https://mlnl.me/rIYSpE,1
591,https://lrl.kr/cRxeF,1
592,https://3.ly/AliYT,1
593,https://muz.so/atzDsn,1
594,https://ouo.io/igExGK,1
595,https://blow.pw/wynGoa,1
596,https://mlnl.me/mBxEK,1
597,https://zrr.kr/GhYKf,1
598,https://Bit.ly/jFhVt,1
599,https://adf.ly/UCqMOh,1
600,https://star.net/LdtrDY,1
601,https://wo.to/CVnLN,1
602,https://t2m.kr/kqZeV,1
603,https://fw.sg/AgUriz,1
604,https://lrl.kr/QVsBSR,1
605,https://ouo.io/dihKxF,1
606,https://vvd.bz/AyMCFE,1
607,https://zrr.kr/XtpQZ,1
608,https://fw.sg/qJzOGV,1
609,https://nic.do/xcYdv,1
610,https://blow.pw/HcQisS,1
611,https://hana.icu/wEzmFD,1
612,https://vo.la/FXeynU,1
613,https://rb.gy/NaLbyu,1
614,https://han.gl/fmcEtK,1
615,https://flic.kr/ZAyKG,1
616,https://nic.do/jhZDVB,1
617,https://3.ly/nFeuC,1
618,https://abit.ly/kZEWv,1
619,https://t.ly/exCAFv,1
620,https://Bit.ly/DGUAh,1
621,https://lrl.kr/knMLN,1
622,https://han.gl/yCQxW,1
623,https://hana.icu/lvxOi,1
624,https://twr.kr/OiyChj,1
625,https://hana.icu/qIraR,1
626,https://3.ly/KjVAv,1
627,https://t2m.kr/XGsaZz,1
628,https://rb.gy/gUpTm,1
629,https://me2.kr/VEQhtr,1
630,https://muz.so/VASclo,1
631,https://lrl.kr/GpsgN,1
632,https://vvd.bz/HzyFOl,1
633,https://me2.kr/qoFbNc,1
634,https://di.do/cIvVzi,1
635,https://abit.ly/tTFwK,1
636,https://wo.to/VrKwQH,1
637,https://star.net/umDtj,1
638,https://vot.kr/rsUQp,1
639,https://safeds.tk/WfruN,1
640,https://han.gl/SyTEq,1
641,https://reurl.kr/GWCvV,1
642,https://c11.kr/aPncdl,1
643,https://t.co/bBHZn,1
644,https://bit.do/gQjUl,1
645,https://hana.icu/iBoyl,1
646,https://bit.do/udemQc,1
647,https://vo.la/BFCbO,1
648,https://zrr.kr/vYpyX,1
649,https://me2.kr/AUEPI,1
650,https://twr.kr/LiCcto,1
651,https://wiv.kr/KMpGb,1
652,https://flic.kr/SWnQyB,1
653,https://is.gd/sntfAJ,1
654,https://blow.pw/fnPtV,1
655,https://abit.ly/PyZcsB,1
656,https://adfoc.us/qJOPXz,1
657,https://vot.kr/zjxSOh,1
658,https://reurl.kr/khALc,1
659,https://di.do/NZSzJT,1
660,https://hana.icu/JsfGl,1
661,https://me2.kr/bsGIVx,1
662,https://reurl.kr/jZCfh,1
663,https://muz.so/wUmYDL,1
664,https://c11.kr/QCPonI,1
665,https://bit.do/oXSDEw,1
666,https://wo.to/juUzB,1
667,https://di.do/EGJOM,1
668,https://nic.do/gnTIbJ,1
669,https://star.net/sZIYB,1
670,https://t.ly/KTIAd,1
671,https://url.sg/wuirvJ,1
672,https://bit.do/bakzMS,1
673,https://ouo.io/EKbHjP,1
674,https://tinyurl.com/Tvyrw,1
675,https://blow.pw/hznAY,1
676,https://blow.pw/kHwBf,1
677,https://url.kr/jKTDzw,1
678,https://reurl.kr/Kbwmn,1
679,https://ouo.io/GRrbu,1
680,https://wiv.kr/NLvys,1
681,https://flic.kr/SzlZDd,1
682,https://wo.to/ZqlHwh,1
683,https://t.co/UZrWF,1
684,https://ouo.io/cBZoAf,1
685,https://ouo.io/dkMFZr,1
686,https://is.gd/PTQeSp,1
687,https://di.do/dwoyD,1
688,https://lrl.kr/JrLAMs,1
689,https://wo.to/JkQXsB,1
690,https://fw.sg/iKMlF,1
691,https://han.gl/mpYLN,1
692,https://adfoc.us/UStsD,1
693,https://t.ly/vMyVL,1
694,https://Bit.ly/RLfWVs,1
695,https://rb.gy/wFbBq,1
696,https://muz.so/YLlCqh,1
697,https://adfoc.us/DeHbGn,1
698,https://safeds.tk/QcLqp,1
699,https://gg.gg/SsudHP,1
700,https://t2m.kr/YhlMWd,1
701,https://gourl.kr/stpHkr,1
702,https://Bit.ly/MiVLY,1
703,https://c11.kr/ypzAiQ,1
704,https://nic.do/cJAIMj,1
705,https://na.to/yizGuW,1
706,https://ouo.io/AolCe,1
707,https://bit.do/FTgkjf,1
708,https://twr.kr/RBwUTo,1
709,https://gourl.kr/qaDmC,1
710,https://url.sg/KDbSA,1
711,https://asq.kr/yUkSAZ,1
712,https://wo.to/HsvrV,1
713,https://flic.kr/QFqMV,1
714,https://nic.do/CTSrs,1
715,https://me2.kr/HAMSK,1
716,https://abit.ly/Wmstrd,1
717,https://ouo.io/XzUjl,1
718,https://3.ly/SwWPFn,1
719,https://vvd.bz/ufGlP,1
720,https://url.sg/cCxXv,1
721,https://di.do/crHXqe,1
722,https://mlnl.me/Zulkz,1
723,https://na.to/NERJZw,1
724,https://t.ly/MmrKug,1
725,https://koe.kr/PzZCg,1
726,https://bit.do/QPFIX,1
727,https://url.kr/CAwlmM,1
728,https://gourl.kr/QAwXMv,1
729,https://adf.ly/bQYPEC,1
730,https://bit.do/bPlOYv,1
731,https://vvd.bz/BeQns,1
732,https://adfoc.us/cNUTaD,1
733,https://me2.kr/pivtH,1
734,https://asq.kr/pkSDG,1
735,https://t2m.kr/RPWTsG,1
736,https://url.kr/xtDUzL,1
737,https://abit.ly/VCuZjJ,1
738,https://zrr.kr/bmcOQ,1
739,https://han.gl/bRwMia,1
740,https://t.ly/jkfOYA,1
741,https://zrr.kr/EfpGV,1
742,https://adfoc.us/qJxFh,1
743,https://url.kr/nBbAi,1
744,https://url.sg/Mtzope,1
745,https://t.co/ZRbSH,1
746,https://adfoc.us/sciVqZ,1
747,https://Bit.ly/rBfSZe,1
748,https://lrl.kr/LVcNQK,1
749,https://koe.kr/uQlEs,1
750,https://t2m.kr/HVrZYL,1
751,https://adf.ly/eqBMrt,1
752,https://tinyurl.com/uqRrf,1
753,https://wo.to/itEVo,1
754,https://koe.kr/vmjTi,1
755,https://fw.sg/PsHAn,1
756,https://vvd.bz/vMziD,1
757,https://Bit.ly/XnkMro,1
758,https://fw.sg/EVOhjX,1
759,https://vo.la/ZwWnc,1
760,https://star.net/DmBJC,1
761,https://tinyurl.com/jNVdY,1
762,https://vvd.bz/kSvgY,1
763,https://safeds.tk/QYAhrw,1
764,https://di.do/ydnuHO,1
765,https://adfoc.us/wvdop,1
766,https://wiv.kr/udYKBD,1
767,https://url.sg/wKqEs,1
768,https://c11.kr/KDFUI,1
769,https://han.gl/yfIMAB,1
770,https://twr.kr/mMFGKt,1
771,https://vot.kr/GNFLRU,1
772,https://url.sg/NAmCxI,1
773,https://rb.gy/RLWHh,1
774,https://gg.gg/nAPTG,1
775,https://adf.ly/EVjLC,1
776,https://zrr.kr/tmfGOq,1
777,https://bit.do/DRBPq,1
778,https://vo.la/PkKrVp,1
779,https://mlnl.me/bRVXPH,1
780,https://t.ly/YNtEO,1
781,https://url.sg/yQKkBo,1
782,https://reurl.kr/NwWvaz,1
783,https://adf.ly/mouXDx,1
784,https://gourl.kr/fnCSOW,1
785,https://me2.kr/mHILtM,1
786,https://wiv.kr/bUtYuy,1
787,https://3.ly/HCsPrh,1
788,https://gourl.kr/aXpMBF,1
789,https://vvd.bz/kcsOuR,1
790,https://wiv.kr/oYfmC,1
791,https://t.ly/bZVHY,1
792,https://tinyurl.com/xWfiBK,1
793,https://tinyurl.com/XJmxC,1
794,https://me2.kr/Obadtr,1
795,https://adf.ly/LHiMo,1
796,https://3.ly/fqxeu,1
797,https://flic.kr/JYiSd,1
798,https://hana.icu/WfzbO,1
799,https://abit.ly/NIseB,1
800,https://nic.do/riONyS,1
801,https://na.to/HwcKD,1
802,https://koe.kr/BrDWU,1
803,https://c11.kr/XIkDqR,1
804,https://koe.kr/NRFaM,1
805,https://wiv.kr/SAnFg,1
806,https://url.sg/MejWx,1
807,https://t.co/HUzZu,1
808,https://t2m.kr/LXWOF,1
809,https://wiv.kr/yZpEF,1
810,https://han.gl/TwhRYd,1
811,https://gg.gg/UAHswL,1
812,https://nic.do/IAFjas,1
813,https://ouo.io/BsSQFw,1
814,https://tinyurl.com/YhjmO,1
815,https://wo.to/WxbjHi,1
816,https://vo.la/ClovRH,1
817,https://muz.so/HRyIQr,1
818,https://di.do/fGzKQ,1
819,https://gourl.kr/ctKdr,1
820,https://star.net/crmSX,1
821,https://wo.to/GWJIQe,1
822,https://flic.kr/NZlPEV,1
823,https://vo.la/jKmdyn,1
824,https://gourl.kr/eycRp,1
825,https://adf.ly/AjhzBI,1
826,https://di.do/XqVLwc,1
827,https://vvd.bz/sHEbn,1
828,https://t.ly/SiGjau,1
829,https://koe.kr/AaoWt,1
830,https://tinyurl.com/ksfHa,1
831,https://vvd.bz/MrKQbF,1
832,https://muz.so/PSHLBm,1
833,https://nic.do/SbftjX,1
834,https://vvd.bz/moJtKQ,1
835,https://na.to/RAjKMy,1
836,https://twr.kr/Kwjvg,1
837,https://safeds.tk/BNtiGr,1
838,https://twr.kr/xSZVnA,1
839,https://safeds.tk/GEmRVQ,1
